{"camera":{"walkVelocity":[0,0,0],"isFalling":false,"fallVelocity":0,"height":1.7,"rotation":[-16.574999999999907,-0.2000000000000129],"transform":{"orientation":[-0.647088624271947,0,-0.7624147902145124,-0.1514684361601838,0.9800665778412391,0.1285566639492127,0.7472172543410834,0.19866933079507385,-0.6341899335502025],"position":[-12.984006746020759,1.2,7.227663319452906]},"inverseMatrix":[-0.647088624271947,-0.15146843616018377,0.7472172543410834,0,0.980066577841239,0.19866933079507385,-0.7624147902145124,0.12855666394921267,-0.6341899335502025],"settings":{"zScale":2,"planeWidthHalf":3.4371428571428573,"planeHeightHalf":1.604}},"voxels":[[1,0,-2],[1,0,-1],[1,0,0],[1,0,1],[1,0,2],[1,0,3],[0,0,3],[-1,0,3],[-2,0,3],[-3,0,3],[-4,0,3],[-5,0,3],[-6,0,3],[-7,0,3],[1,0,-3],[0,0,-3],[-1,0,-3],[-3,0,-3],[-4,0,-3],[-2,0,-3],[-6,0,-3],[-5,0,-3],[-7,0,-3],[-8,0,3],[-8,0,2],[-8,0,-2],[-8,0,-3],[-8,0,1],[-8,1,3],[-8,2,3],[-8,3,3],[-8,4,3],[-8,1,-3],[-8,2,-3],[-8,3,-3],[-8,4,-3],[1,1,-3],[1,2,-3],[1,3,-3],[1,4,-3],[1,1,3],[1,2,3],[1,3,3],[1,4,3],[0,4,3],[-1,4,3],[-2,4,3],[-3,4,3],[-4,4,3],[-5,4,3],[-6,4,3],[-7,4,3],[-8,4,2],[-8,4,1],[-8,4,0],[-8,4,-1],[-8,4,-2],[-7,4,-3],[-6,4,-3],[-5,4,-3],[-4,4,-3],[-3,4,-3],[-2,4,-3],[-1,4,-3],[0,4,-3],[1,4,-2],[1,4,-1],[1,4,0],[1,4,1],[1,4,2],[1,5,-2],[0,5,-2],[-1,5,-2],[-2,5,-2],[-3,5,-2],[-4,5,-2],[-5,5,-2],[-6,5,-2],[-7,5,-2],[-8,5,-2],[1,5,2],[-8,5,2],[-7,5,2],[-6,5,2],[0,5,2],[-1,5,2],[-2,5,2],[-3,5,2],[-4,5,2],[-5,5,2],[-8,6,-1],[-8,6,1],[-7,6,1],[-7,6,-1],[-6,6,1],[-6,6,-1],[-5,6,-1],[-4,6,-1],[-3,6,-1],[-2,6,-1],[-1,6,-1],[0,6,-1],[1,6,-1],[-5,6,1],[-4,6,1],[-3,6,1],[-2,6,1],[-1,6,1],[0,6,1],[1,6,1],[-7,7,0],[-8,7,0],[-6,7,0],[-5,7,0],[-4,7,0],[-3,7,0],[-2,7,0],[-1,7,0],[0,7,0],[1,7,0],[-7,1,3],[-7,2,3],[-7,3,3],[-6,1,3],[-6,2,3],[-6,3,3],[-5,3,3],[-4,3,3],[-3,3,3],[-3,2,3],[-3,1,3],[-2,3,3],[-2,2,3],[-2,1,3],[-1,3,3],[-1,2,3],[-1,1,3],[0,3,3],[0,2,3],[0,1,3],[-8,6,0],[-8,5,0],[-8,5,-1],[-8,5,1],[0,3,-3],[-1,3,-3],[-1,2,-3],[0,2,-3],[0,1,-3],[-1,1,-3],[-2,1,-3],[-2,2,-3],[-2,3,-3],[-7,3,-3],[-7,2,-3],[-7,1,-3],[-6,3,-3],[-6,2,-3],[-6,1,-3],[-5,2,-3],[-5,1,-3],[-5,3,-3],[-3,3,-3],[-3,2,-3],[-3,1,-3],[-4,3,-3],[-4,2,-3],[-4,1,-3],[1,3,-2],[1,2,-2],[1,1,-2],[1,3,-1],[1,2,-1],[1,1,-1],[1,3,2],[1,2,2],[1,1,2],[1,3,1],[1,2,1],[1,1,1],[1,3,0],[1,2,0],[1,1,0],[-8,3,-2],[-8,2,-2],[-8,1,-2],[-8,3,-1],[-8,3,0],[-8,3,1],[-8,2,1],[-8,1,1],[-8,3,2],[-8,2,2],[-8,1,2],[1,6,0],[1,5,0],[1,5,1],[1,5,-1],[-8,4,-4],[-9,4,-3],[1,4,-4],[2,4,-3],[2,4,3],[1,4,4],[2,5,-2],[2,6,-1],[2,7,0],[2,6,1],[2,5,2],[-9,4,3],[-8,4,4],[-9,5,-2],[-9,6,-1],[-9,6,0],[-9,6,1],[-9,5,2],[-9,7,0],[-10,7,0],[3,7,0],[0,0,5],[0,1,4],[0,1,5],[2,1,2],[2,0,2]]}