{
	"camera": {
		"walkVelocity": [
			0,
			0,
			0
		],
		"isFalling": false,
		"fallVelocity": 0,
		"height": 1.7,
		"rotation": [
			13.47000000000001,
			-0.03999999999999646
		],
		"transform": {
			"orientation": [
				0.6187628850187571,
				0,
				-0.7855778078098085,
				-0.03141473348610711,
				0.999200106660978,
				-0.024743915791298775,
				0.7849494293540579,
				0.03998933418663062,
				0.6182679407085966
			],
			"position": [
				-9.581483238421205,
				1.2,
				-7.702939618626814
			]
		},
		"inverseMatrix": [
			0.6187628850187572,
			-0.03141473348610712,
			0.7849494293540581,
			0,
			0.9992001066609781,
			0.03998933418663063,
			-0.7855778078098086,
			-0.02474391579129878,
			0.6182679407085967
		],
		"settings": {
			"originZ": -6.086607142857143,
			"planeWidthHalf": 3.4371428571428573,
			"planeHeightHalf": 1.604
		}
	},
	"voxels": [
		[
			0,
			0,
			0
		],
		[
			0,
			0,
			-1
		],
		[
			0,
			0,
			-2
		],
		[
			-1,
			0,
			-2
		],
		[
			-1,
			0,
			0
		],
		[
			-1,
			0,
			-1
		],
		[
			-2,
			0,
			-1
		],
		[
			-2,
			0,
			0
		],
		[
			-2,
			0,
			-2
		],
		[
			-1,
			1,
			-1
		],
		[
			-1,
			2,
			-1
		],
		[
			-1,
			3,
			-1
		],
		[
			-1,
			4,
			-1
		],
		[
			0,
			4,
			-1
		],
		[
			1,
			4,
			-1
		],
		[
			2,
			4,
			-1
		],
		[
			3,
			4,
			-1
		],
		[
			-1,
			4,
			-2
		],
		[
			-1,
			4,
			-3
		],
		[
			-1,
			4,
			-4
		],
		[
			-1,
			4,
			-5
		],
		[
			3,
			3,
			-1
		],
		[
			3,
			2,
			-1
		],
		[
			-1,
			3,
			-5
		],
		[
			-1,
			2,
			-5
		],
		[
			-1,
			0,
			-5
		],
		[
			-1,
			1,
			-5
		],
		[
			3,
			1,
			-1
		],
		[
			3,
			0,
			-1
		],
		[
			-2,
			4,
			-1
		],
		[
			-3,
			4,
			-1
		],
		[
			-4,
			4,
			-1
		],
		[
			-5,
			4,
			-1
		],
		[
			-5,
			3,
			-1
		],
		[
			-5,
			2,
			-1
		],
		[
			-5,
			0,
			-1
		],
		[
			-5,
			1,
			-1
		],
		[
			-1,
			4,
			0
		],
		[
			-1,
			4,
			1
		],
		[
			-1,
			4,
			2
		],
		[
			-1,
			4,
			3
		],
		[
			-1,
			3,
			3
		],
		[
			-1,
			2,
			3
		],
		[
			-1,
			0,
			3
		],
		[
			-1,
			1,
			3
		],
		[
			4,
			0,
			0
		],
		[
			4,
			0,
			-2
		],
		[
			0,
			0,
			-6
		],
		[
			-2,
			0,
			-6
		],
		[
			-6,
			0,
			-2
		],
		[
			-6,
			0,
			0
		],
		[
			-2,
			0,
			4
		],
		[
			0,
			0,
			4
		],
		[
			1,
			4,
			-2
		],
		[
			1,
			4,
			-3
		],
		[
			0,
			4,
			-3
		],
		[
			-2,
			4,
			-3
		],
		[
			-3,
			4,
			-3
		],
		[
			-3,
			4,
			-2
		],
		[
			-3,
			4,
			0
		],
		[
			-3,
			4,
			1
		],
		[
			-2,
			4,
			1
		],
		[
			0,
			4,
			1
		],
		[
			1,
			4,
			1
		],
		[
			1,
			4,
			0
		]
	]
}